mean_test_score,std_test_score,mean_train_score,mean_fit_time,activation,alpha,hidden_layer_sizes,learning_rate,solver
0.974,0.038,0.982,0.8254,logistic,1,"(5, 100)",invscaling,lbfgs
0.974,0.034,0.98,0.5005,tanh,10,"(5, 50)",constant,lbfgs
0.972,0.044,0.981,0.8786,logistic,1,"(10, 100)",constant,lbfgs
0.972,0.042,0.982,0.9145,logistic,1,"(10, 100)",invscaling,lbfgs
0.972,0.04,0.982,0.898,logistic,1,"(10, 100)",adaptive,lbfgs
0.972,0.038,0.979,0.5043,tanh,10,"(5, 50)",invscaling,lbfgs
0.972,0.038,0.979,0.8432,tanh,10,"(5, 100)",invscaling,lbfgs
0.972,0.038,0.979,0.8692,tanh,10,"(5, 100)",adaptive,lbfgs
0.972,0.038,0.978,0.9345,tanh,10,"(10, 100)",constant,lbfgs
0.972,0.033,0.971,1.3111,relu,1,"(5, 100)",adaptive,adam
0.971,0.043,0.982,0.823,logistic,1,"(5, 100)",constant,lbfgs
0.971,0.043,0.982,0.5321,logistic,1,"(10, 50)",invscaling,lbfgs
0.971,0.041,0.981,0.5344,logistic,1,"(10, 50)",adaptive,lbfgs
0.971,0.039,0.982,0.4811,logistic,1,"(5, 50)",invscaling,lbfgs
0.971,0.039,0.981,0.5367,logistic,1,"(10, 50)",constant,lbfgs
0.971,0.039,0.979,0.5367,tanh,10,"(5, 50)",adaptive,lbfgs
0.971,0.039,0.978,0.8634,tanh,10,"(5, 100)",constant,lbfgs
0.971,0.039,0.978,0.5706,tanh,10,"(10, 50)",constant,lbfgs
0.971,0.039,0.978,0.5741,tanh,10,"(10, 50)",invscaling,lbfgs
0.971,0.039,0.979,0.5911,tanh,10,"(10, 50)",adaptive,lbfgs
0.971,0.039,0.979,0.9836,tanh,10,"(10, 100)",invscaling,lbfgs
0.971,0.039,0.977,0.8871,tanh,10,"(10, 100)",adaptive,lbfgs
0.971,0.037,0.973,1.3866,relu,1,"(10, 100)",constant,adam
0.971,0.034,0.982,0.4799,logistic,1,"(5, 50)",adaptive,lbfgs
0.971,0.029,0.969,1.0141,identity,1,"(10, 50)",adaptive,adam
0.971,0.026,0.976,1.2148,relu,0.1,"(10, 100)",constant,adam
0.969,0.042,0.973,0.986,relu,1,"(10, 50)",invscaling,adam
0.969,0.04,0.971,1.0082,identity,0.1,"(5, 100)",invscaling,adam
0.969,0.038,0.973,1.0744,identity,0.1,"(10, 100)",constant,adam
0.969,0.038,0.975,0.3316,relu,10,"(5, 50)",constant,lbfgs
0.969,0.038,0.975,0.3663,relu,10,"(5, 50)",adaptive,lbfgs
0.969,0.038,0.975,0.5198,relu,10,"(5, 100)",constant,lbfgs
0.969,0.038,0.975,0.5284,relu,10,"(5, 100)",invscaling,lbfgs
0.969,0.038,0.975,0.5171,relu,10,"(5, 100)",adaptive,lbfgs
0.969,0.038,0.975,0.4129,relu,10,"(10, 50)",constant,lbfgs
0.969,0.038,0.975,0.3809,relu,10,"(10, 50)",invscaling,lbfgs
0.969,0.038,0.975,0.3874,relu,10,"(10, 50)",adaptive,lbfgs
0.969,0.038,0.975,0.5854,relu,10,"(10, 100)",constant,lbfgs
0.969,0.038,0.975,0.5801,relu,10,"(10, 100)",invscaling,lbfgs
0.969,0.038,0.975,0.5941,relu,10,"(10, 100)",adaptive,lbfgs
0.969,0.035,0.97,0.9236,identity,1,"(10, 50)",invscaling,adam
0.969,0.035,0.969,1.261,identity,1,"(10, 100)",adaptive,adam
0.969,0.033,0.972,0.1194,identity,10,"(5, 50)",constant,lbfgs
0.969,0.033,0.972,0.1129,identity,10,"(5, 50)",invscaling,lbfgs
0.969,0.033,0.972,0.1407,identity,10,"(5, 50)",adaptive,lbfgs
0.969,0.033,0.972,0.1602,identity,10,"(5, 100)",constant,lbfgs
0.969,0.033,0.972,0.1215,identity,10,"(10, 50)",constant,lbfgs
0.969,0.033,0.983,0.4875,logistic,1,"(5, 50)",constant,lbfgs
0.968,0.045,0.968,1.0096,identity,0.1,"(10, 50)",constant,adam
0.968,0.041,0.973,0.8276,identity,0.1,"(10, 50)",invscaling,adam
0.968,0.041,0.973,0.2876,logistic,10,"(10, 50)",constant,lbfgs
0.968,0.041,0.973,0.2728,logistic,10,"(10, 50)",invscaling,lbfgs
0.968,0.041,0.973,0.2862,logistic,10,"(10, 50)",adaptive,lbfgs
0.968,0.041,0.973,0.572,logistic,10,"(10, 100)",constant,lbfgs
0.968,0.041,0.973,0.58,logistic,10,"(10, 100)",invscaling,lbfgs
0.968,0.041,0.973,0.6478,logistic,10,"(10, 100)",adaptive,lbfgs
0.968,0.041,0.972,1.2253,relu,1,"(5, 100)",invscaling,adam
0.968,0.039,0.97,0.235,identity,0.1,"(5, 50)",constant,lbfgs
0.968,0.039,0.97,0.2335,identity,0.1,"(5, 50)",invscaling,lbfgs
0.968,0.039,0.97,0.3284,identity,0.1,"(5, 50)",adaptive,lbfgs
0.968,0.039,0.97,0.3798,identity,0.1,"(5, 100)",constant,lbfgs
0.968,0.039,0.97,0.246,identity,0.1,"(5, 100)",adaptive,lbfgs
0.968,0.039,0.97,0.1672,identity,0.1,"(10, 50)",constant,lbfgs
0.968,0.039,0.97,0.231,identity,0.1,"(10, 50)",invscaling,lbfgs
0.968,0.039,0.97,0.2717,identity,0.1,"(10, 100)",invscaling,lbfgs
0.968,0.039,0.97,0.3064,identity,0.1,"(10, 100)",adaptive,lbfgs
0.968,0.039,0.971,0.2227,identity,1,"(5, 50)",invscaling,lbfgs
0.968,0.039,0.971,0.1939,identity,1,"(5, 50)",adaptive,lbfgs
0.968,0.039,0.971,0.273,identity,1,"(5, 100)",constant,lbfgs
0.968,0.039,0.971,0.274,identity,1,"(5, 100)",invscaling,lbfgs
0.968,0.039,0.971,0.3,identity,1,"(5, 100)",adaptive,lbfgs
0.968,0.039,0.971,0.9837,identity,1,"(10, 50)",constant,adam
0.968,0.039,0.971,0.2332,identity,1,"(10, 50)",adaptive,lbfgs
0.968,0.039,0.971,0.3158,identity,1,"(10, 100)",constant,lbfgs
0.968,0.039,0.971,0.3402,identity,1,"(10, 100)",invscaling,lbfgs
0.968,0.036,0.969,0.85,identity,0.1,"(10, 50)",adaptive,adam
0.968,0.036,0.971,1.0583,identity,0.1,"(10, 100)",invscaling,adam
0.968,0.036,0.969,1.1578,identity,1,"(10, 100)",invscaling,adam
0.968,0.031,0.972,0.0944,identity,10,"(10, 50)",invscaling,lbfgs
0.966,0.049,0.972,1.0827,relu,1,"(10, 50)",constant,adam
0.966,0.045,0.97,1.1327,identity,1,"(5, 100)",constant,adam
0.966,0.043,0.973,1.2455,relu,1,"(10, 100)",invscaling,adam
0.966,0.041,0.97,0.9987,identity,1,"(10, 100)",constant,adam
0.966,0.041,0.974,0.9064,relu,0.1,"(5, 50)",invscaling,adam
0.966,0.041,0.969,1.1156,relu,1,"(5, 50)",adaptive,adam
0.966,0.039,0.971,0.9936,identity,0.1,"(10, 100)",adaptive,adam
0.966,0.039,0.971,0.9267,identity,1,"(5, 50)",constant,adam
0.966,0.039,0.969,1.0107,identity,1,"(5, 50)",invscaling,adam
0.966,0.039,0.975,0.9795,relu,0.1,"(5, 100)",constant,adam
0.966,0.037,0.983,0.8162,logistic,1,"(5, 100)",adaptive,lbfgs
0.966,0.037,0.973,0.2866,logistic,10,"(5, 50)",constant,lbfgs
0.966,0.037,0.973,0.321,logistic,10,"(5, 50)",invscaling,lbfgs
0.966,0.037,0.973,0.3065,logistic,10,"(5, 50)",adaptive,lbfgs
0.966,0.037,0.973,0.6055,logistic,10,"(5, 100)",constant,lbfgs
0.966,0.037,0.973,0.619,logistic,10,"(5, 100)",invscaling,lbfgs
0.966,0.037,0.973,0.7177,logistic,10,"(5, 100)",adaptive,lbfgs
0.966,0.034,0.971,0.1963,identity,1,"(5, 50)",constant,lbfgs
0.966,0.034,0.971,1.2499,relu,1,"(5, 50)",constant,adam
0.965,0.049,0.974,1.1034,relu,0.1,"(5, 100)",invscaling,adam
0.965,0.049,0.973,1.1776,relu,0.1,"(5, 100)",adaptive,adam
0.965,0.047,0.975,1.6965,relu,0.1,"(10, 100)",adaptive,adam
0.965,0.047,0.966,0.8977,relu,10,"(5, 50)",adaptive,sgd
0.965,0.046,0.97,1.0583,identity,1,"(5, 100)",invscaling,adam
0.965,0.045,0.972,1.1085,relu,1,"(10, 100)",adaptive,adam
0.963,0.06,0.968,1.131,identity,0.1,"(5, 100)",adaptive,adam
0.963,0.06,0.995,0.6539,relu,1,"(10, 100)",adaptive,lbfgs
0.963,0.055,0.984,0.476,relu,1,"(5, 50)",invscaling,lbfgs
0.963,0.054,0.963,0.6975,identity,10,"(10, 100)",adaptive,sgd
0.963,0.054,0.984,0.5045,relu,0.1,"(5, 100)",constant,lbfgs
0.963,0.051,0.966,0.9319,identity,1,"(10, 50)",constant,sgd
0.963,0.051,0.964,1.0738,identity,10,"(5, 100)",invscaling,adam
0.963,0.051,0.965,1.0445,relu,10,"(10, 100)",adaptive,adam
0.963,0.049,0.964,0.978,tanh,10,"(10, 50)",adaptive,adam
0.963,0.047,0.969,1.0981,identity,1,"(5, 100)",adaptive,adam
0.963,0.047,0.971,1.2841,relu,1,"(5, 100)",constant,adam
0.963,0.047,0.963,0.9005,relu,10,"(10, 50)",constant,adam
0.963,0.044,0.968,0.9068,identity,0.1,"(5, 100)",adaptive,sgd
0.963,0.04,0.969,0.8295,identity,0.1,"(5, 50)",invscaling,adam
0.962,0.06,0.964,0.7801,relu,10,"(5, 50)",constant,sgd
0.962,0.057,0.978,1.252,relu,0.1,"(10, 100)",invscaling,adam
0.962,0.055,0.963,0.9853,identity,10,"(10, 50)",constant,adam
0.962,0.055,0.964,0.9648,tanh,10,"(10, 50)",constant,adam
0.962,0.054,0.966,0.8182,relu,10,"(10, 50)",constant,sgd
0.962,0.052,0.964,0.9355,identity,10,"(10, 50)",constant,sgd
0.962,0.052,0.963,0.9394,identity,10,"(10, 50)",invscaling,adam
0.962,0.052,0.963,0.6681,identity,10,"(10, 50)",adaptive,adam
0.962,0.052,0.965,0.9141,relu,10,"(10, 50)",invscaling,adam
0.962,0.052,0.964,0.8405,relu,10,"(10, 50)",adaptive,sgd
0.962,0.052,0.964,1.1083,relu,10,"(10, 100)",constant,sgd
0.962,0.052,0.965,1.0212,relu,10,"(10, 100)",adaptive,sgd
0.962,0.051,0.963,0.8,identity,10,"(10, 100)",constant,adam
0.962,0.051,0.976,1.3301,relu,0.1,"(10, 50)",invscaling,adam
0.962,0.051,0.964,0.9811,relu,10,"(5, 50)",invscaling,adam
0.962,0.051,0.965,0.969,relu,10,"(5, 100)",adaptive,sgd
0.962,0.049,0.973,0.8326,relu,0.1,"(5, 50)",adaptive,adam
0.962,0.049,0.965,1.0385,relu,10,"(5, 100)",invscaling,adam
0.962,0.048,0.967,0.9344,logistic,0.1,"(10, 50)",adaptive,adam
0.962,0.047,0.971,0.8748,identity,0.1,"(5, 50)",adaptive,adam
0.962,0.047,0.97,0.8758,identity,0.1,"(5, 100)",constant,adam
0.962,0.044,0.966,1.2548,logistic,0.1,"(10, 100)",constant,adam
0.962,0.043,0.97,1.1907,relu,1,"(5, 50)",invscaling,adam
0.962,0.041,0.973,1.1002,relu,1,"(10, 50)",adaptive,adam
0.96,0.068,0.967,1.0585,identity,1,"(10, 100)",adaptive,sgd
0.96,0.06,0.97,1.0082,tanh,1,"(10, 50)",constant,adam
0.96,0.058,0.963,0.5813,identity,10,"(10, 50)",adaptive,sgd
0.96,0.058,0.963,0.6782,identity,10,"(10, 100)",constant,sgd
0.96,0.058,0.964,0.7786,identity,10,"(10, 100)",adaptive,adam
0.96,0.058,0.964,1.2984,tanh,10,"(10, 100)",constant,adam
0.96,0.058,0.965,1.147,relu,10,"(10, 100)",invscaling,adam
0.96,0.057,0.97,0.9428,identity,1,"(5, 50)",adaptive,adam
0.96,0.057,0.965,0.904,identity,10,"(5, 50)",adaptive,adam
0.96,0.057,0.964,1.0748,identity,10,"(5, 100)",adaptive,adam
0.96,0.057,0.993,0.7058,relu,0.1,"(10, 50)",adaptive,lbfgs
0.96,0.055,0.963,0.9461,identity,10,"(5, 50)",invscaling,adam
0.96,0.055,0.973,1.3312,tanh,1,"(10, 100)",invscaling,adam
0.96,0.055,0.964,0.8964,relu,10,"(10, 50)",adaptive,adam
0.96,0.054,0.972,1.2825,tanh,0.1,"(10, 50)",constant,adam
0.96,0.052,0.964,1.1317,relu,10,"(10, 100)",constant,adam
0.96,0.051,0.988,0.6687,relu,1,"(5, 100)",invscaling,lbfgs
0.96,0.049,0.964,1.2723,tanh,10,"(10, 100)",adaptive,adam
0.96,0.048,0.972,1.2962,tanh,1,"(10, 100)",adaptive,adam
0.96,0.046,0.972,1.0289,tanh,1,"(10, 50)",invscaling,adam
0.96,0.043,0.998,0.8979,logistic,0.1,"(10, 100)",adaptive,lbfgs
0.96,0.041,0.977,1.3311,relu,0.1,"(10, 50)",constant,adam
0.96,0.039,0.967,1.3081,logistic,0.1,"(10, 100)",invscaling,adam
0.96,0.037,0.992,0.833,tanh,1,"(5, 100)",constant,lbfgs
0.96,0.026,0.993,0.5162,tanh,1,"(5, 50)",adaptive,lbfgs
0.959,0.079,0.957,0.3167,relu,10,"(5, 50)",invscaling,lbfgs
0.959,0.072,0.98,0.5046,relu,1,"(5, 50)",adaptive,lbfgs
0.959,0.065,0.964,0.8203,identity,10,"(5, 50)",adaptive,sgd
0.959,0.062,0.963,0.7853,identity,10,"(5, 50)",constant,sgd
0.959,0.062,0.963,0.9542,identity,10,"(5, 100)",constant,sgd
0.959,0.062,0.963,0.7955,identity,10,"(10, 100)",invscaling,adam
0.959,0.061,0.97,0.7636,identity,0.1,"(5, 50)",constant,adam
0.959,0.056,0.962,0.9287,identity,10,"(5, 100)",adaptive,sgd
0.959,0.056,0.96,1.2537,logistic,1,"(10, 100)",adaptive,adam
0.959,0.056,0.962,0.9196,relu,10,"(5, 50)",adaptive,adam
0.959,0.054,1,0.9818,tanh,1,"(10, 100)",adaptive,lbfgs
0.959,0.053,0.965,1.0594,relu,10,"(5, 100)",constant,adam
0.959,0.052,0.966,0.6799,identity,0.1,"(10, 50)",adaptive,sgd
0.959,0.052,0.964,1.266,tanh,10,"(10, 100)",invscaling,adam
0.959,0.05,0.967,1.0272,identity,0.1,"(10, 100)",adaptive,sgd
0.959,0.05,0.989,0.5273,tanh,0.1,"(5, 50)",invscaling,lbfgs
0.959,0.048,0.977,1.1153,relu,0.1,"(10, 50)",adaptive,adam
0.959,0.048,0.964,0.871,relu,10,"(5, 50)",constant,adam
0.959,0.046,0.959,1.1785,tanh,10,"(5, 100)",adaptive,adam
0.959,0.045,0.966,1.2746,logistic,0.1,"(10, 100)",adaptive,adam
0.959,0.044,0.971,1.3634,tanh,1,"(10, 100)",constant,adam
0.959,0.041,0.966,0.9105,logistic,0.1,"(10, 50)",invscaling,adam
0.959,0.038,0.999,1.0521,tanh,1,"(10, 100)",constant,lbfgs
0.959,0.038,0.961,0.7889,relu,0.1,"(5, 50)",adaptive,sgd
0.959,0.034,0.971,1.0098,tanh,1,"(10, 50)",adaptive,adam
0.959,0.028,0.984,0.5326,relu,1,"(5, 100)",adaptive,lbfgs
0.958,0.067,0.962,0.9221,identity,10,"(5, 50)",constant,adam
0.958,0.063,0.963,0.9863,identity,1,"(5, 100)",constant,sgd
0.958,0.063,0.981,0.3356,relu,0.1,"(5, 50)",constant,lbfgs
0.958,0.06,0.965,1.0003,tanh,10,"(10, 50)",invscaling,adam
0.958,0.056,0.967,0.8749,identity,0.1,"(10, 50)",constant,sgd
0.958,0.053,0.961,0.8288,identity,1,"(5, 100)",adaptive,sgd
0.958,0.053,0.988,0.9085,tanh,0.1,"(5, 100)",invscaling,lbfgs
0.958,0.051,0.962,1.1971,logistic,0.1,"(5, 100)",adaptive,adam
0.958,0.05,0.963,1.2002,logistic,0.1,"(5, 100)",constant,adam
0.958,0.05,0.966,0.9563,logistic,0.1,"(10, 50)",constant,adam
0.958,0.049,0.961,0.94,logistic,1,"(10, 50)",adaptive,adam
0.958,0.048,0.972,0.8421,relu,0.1,"(5, 50)",constant,adam
0.958,0.042,0.964,0.9274,tanh,1,"(5, 50)",invscaling,adam
0.958,0.04,0.962,0.9128,tanh,0.1,"(5, 50)",adaptive,adam
0.958,0.038,0.964,1.0584,relu,1,"(5, 50)",constant,sgd
0.956,0.065,0.966,0.7609,identity,1,"(10, 100)",constant,sgd
0.956,0.062,0.961,1.3244,logistic,1,"(10, 100)",constant,adam
0.956,0.062,0.973,1.0704,tanh,0.1,"(10, 50)",adaptive,adam
0.956,0.059,0.963,0.9703,relu,0.1,"(5, 100)",adaptive,sgd
0.956,0.058,0.961,0.905,logistic,0.1,"(5, 50)",constant,adam
0.956,0.057,0.964,0.9689,identity,0.1,"(5, 100)",constant,sgd
0.956,0.057,0.965,0.8926,identity,1,"(10, 50)",adaptive,sgd
0.956,0.057,0.957,0.9229,tanh,10,"(5, 50)",adaptive,adam
0.956,0.054,0.96,1.2617,logistic,1,"(10, 100)",invscaling,adam
0.956,0.053,0.988,0.9751,tanh,0.1,"(5, 100)",adaptive,lbfgs
0.956,0.052,0.962,1.2088,logistic,0.1,"(5, 100)",invscaling,adam
0.956,0.05,0.961,1.396,relu,1,"(10, 100)",constant,sgd
0.956,0.049,0.962,0.7679,relu,0.1,"(5, 50)",constant,sgd
0.956,0.045,0.993,0.5844,tanh,1,"(5, 50)",invscaling,lbfgs
0.956,0.032,0.99,0.5154,logistic,0.1,"(5, 50)",invscaling,lbfgs
0.955,0.109,0.979,0.4698,relu,0.1,"(5, 100)",adaptive,lbfgs
0.955,0.069,0.973,1.1015,tanh,0.1,"(10, 50)",invscaling,adam
0.955,0.069,0.958,1.1806,tanh,10,"(10, 100)",adaptive,sgd
0.955,0.067,0.961,0.9337,logistic,1,"(10, 50)",constant,adam
0.955,0.067,0.964,0.8964,relu,1,"(10, 50)",adaptive,sgd
0.955,0.067,0.996,0.7216,relu,1,"(10, 100)",invscaling,lbfgs
0.955,0.066,0.963,1.0744,identity,10,"(5, 100)",constant,adam
0.955,0.066,0.96,0.9567,logistic,1,"(10, 50)",invscaling,adam
0.955,0.062,0.962,0.6889,identity,1,"(5, 50)",adaptive,sgd
0.955,0.06,0.967,1.0072,identity,0.1,"(10, 100)",constant,sgd
0.955,0.057,0.964,0.7863,identity,1,"(5, 50)",constant,sgd
0.955,0.057,0.965,1.207,tanh,1,"(5, 100)",constant,adam
0.955,0.057,0.992,0.8313,relu,1,"(10, 100)",constant,lbfgs
0.955,0.056,0.962,1.5293,relu,0.1,"(10, 100)",adaptive,sgd
0.955,0.054,0.962,0.9287,logistic,0.1,"(5, 50)",invscaling,adam
0.955,0.051,0.96,0.9034,logistic,0.1,"(5, 50)",adaptive,adam
0.955,0.044,0.978,1.3566,tanh,0.1,"(10, 100)",invscaling,adam
0.955,0.044,0.96,1.1295,relu,1,"(5, 100)",adaptive,sgd
0.953,0.076,0.961,1.2092,relu,1,"(5, 100)",constant,sgd
0.953,0.075,0.987,0.6332,relu,1,"(5, 50)",constant,lbfgs
0.953,0.069,0.964,1.2561,tanh,1,"(5, 100)",adaptive,adam
0.953,0.064,0.998,0.6274,tanh,1,"(10, 50)",invscaling,lbfgs
0.953,0.06,0.962,1.0791,relu,1,"(10, 100)",adaptive,sgd
0.953,0.054,0.962,1.2996,relu,0.1,"(10, 50)",adaptive,sgd
0.953,0.045,0.961,1.1144,relu,1,"(5, 50)",adaptive,sgd
0.953,0.033,0.999,0.6314,tanh,1,"(10, 50)",adaptive,lbfgs
0.952,0.075,0.961,0.9253,relu,0.1,"(5, 100)",constant,sgd
0.952,0.075,0.985,0.6166,relu,1,"(5, 100)",constant,lbfgs
0.952,0.069,0.956,0.8753,tanh,10,"(10, 50)",adaptive,sgd
0.952,0.069,0.976,0.2685,relu,0.1,"(5, 50)",adaptive,lbfgs
0.952,0.068,0.965,0.7754,identity,0.1,"(5, 50)",adaptive,sgd
0.952,0.068,0.996,0.4802,relu,0.1,"(10, 50)",constant,lbfgs
0.952,0.066,0.955,1.2225,tanh,10,"(10, 100)",constant,sgd
0.952,0.065,0.963,1.0743,relu,1,"(10, 50)",constant,sgd
0.952,0.058,0.993,0.478,logistic,0.1,"(5, 50)",adaptive,lbfgs
0.952,0.058,0.963,1.3306,tanh,1,"(5, 100)",invscaling,adam
0.952,0.057,0.963,0.7439,identity,0.1,"(5, 50)",constant,sgd
0.952,0.055,0.976,1.3467,tanh,0.1,"(10, 100)",constant,adam
0.952,0.051,0.994,0.4936,logistic,0.1,"(5, 50)",constant,lbfgs
0.952,0.042,0.989,0.8751,tanh,0.1,"(5, 100)",constant,lbfgs
0.952,0.041,0.966,0.8983,tanh,1,"(5, 50)",adaptive,adam
0.95,0.069,0.998,0.8951,logistic,0.1,"(10, 100)",constant,lbfgs
0.95,0.066,0.995,0.4638,relu,1,"(10, 50)",constant,lbfgs
0.95,0.061,0.997,0.9792,tanh,0.1,"(10, 100)",constant,lbfgs
0.95,0.054,0.994,0.874,logistic,0.1,"(5, 100)",constant,lbfgs
0.95,0.052,0.999,0.5733,tanh,1,"(10, 50)",constant,lbfgs
0.95,0.052,0.962,0.956,relu,0.1,"(10, 50)",constant,sgd
0.95,0.045,0.975,1.3263,tanh,0.1,"(10, 100)",adaptive,adam
0.95,0.035,0.963,0.975,tanh,1,"(5, 50)",constant,adam
0.949,0.079,0.953,1.1919,logistic,1,"(5, 100)",invscaling,adam
0.949,0.066,0.999,0.9555,tanh,1,"(10, 100)",invscaling,lbfgs
0.949,0.065,0.993,0.3951,relu,1,"(10, 50)",adaptive,lbfgs
0.949,0.061,0.964,1.4664,relu,0.1,"(10, 100)",constant,sgd
0.949,0.057,0.949,1.2485,tanh,10,"(5, 100)",constant,adam
0.949,0.055,0.99,0.5471,tanh,0.1,"(5, 50)",adaptive,lbfgs
0.949,0.043,0.999,0.8892,logistic,0.1,"(10, 100)",invscaling,lbfgs
0.947,0.091,0.953,1.2034,logistic,1,"(5, 100)",constant,adam
0.947,0.086,0.953,1.2088,logistic,1,"(5, 100)",adaptive,adam
0.947,0.071,0.953,1.1436,tanh,10,"(5, 100)",constant,sgd
0.947,0.067,0.956,0.9623,tanh,10,"(10, 50)",constant,sgd
0.947,0.063,0.995,0.4348,relu,0.1,"(10, 50)",invscaling,lbfgs
0.947,0.06,0.961,1.3102,tanh,0.1,"(5, 100)",adaptive,adam
0.947,0.06,0.957,0.9364,tanh,10,"(5, 50)",invscaling,adam
0.947,0.06,0.996,0.531,relu,1,"(10, 50)",invscaling,lbfgs
0.947,0.049,0.994,0.6281,tanh,0.1,"(10, 50)",constant,lbfgs
0.947,0.049,0.994,0.8314,tanh,1,"(5, 100)",adaptive,lbfgs
0.947,0.045,0.988,0.6442,tanh,0.1,"(5, 50)",constant,lbfgs
0.947,0.045,0.997,1.0007,tanh,0.1,"(10, 100)",invscaling,lbfgs
0.946,0.065,0.984,0.6871,relu,0.1,"(10, 100)",constant,lbfgs
0.946,0.061,0.945,1.2986,tanh,1,"(10, 100)",constant,sgd
0.946,0.057,0.956,1.2009,tanh,10,"(5, 100)",invscaling,adam
0.946,0.055,0.998,0.5384,logistic,0.1,"(10, 50)",invscaling,lbfgs
0.944,0.085,0.953,0.9284,tanh,10,"(5, 50)",constant,adam
0.944,0.078,0.946,0.897,logistic,1,"(5, 50)",constant,adam
0.944,0.066,0.975,0.5951,relu,0.1,"(10, 100)",invscaling,lbfgs
0.944,0.045,0.991,0.801,logistic,0.1,"(5, 100)",adaptive,lbfgs
0.943,0.116,0.969,0.403,relu,0.1,"(5, 100)",invscaling,lbfgs
0.943,0.094,0.947,0.8945,logistic,1,"(5, 50)",invscaling,adam
0.943,0.068,0.993,0.8331,tanh,1,"(5, 100)",invscaling,lbfgs
0.943,0.042,0.992,0.5093,tanh,1,"(5, 50)",constant,lbfgs
0.941,0.059,0.987,0.4774,logistic,0.1,"(10, 50)",adaptive,lbfgs
0.941,0.051,0.999,0.5357,logistic,0.1,"(10, 50)",constant,lbfgs
0.94,0.186,0.938,0.1241,identity,10,"(10, 100)",adaptive,lbfgs
0.94,0.179,0.941,0.3049,identity,1,"(10, 100)",adaptive,lbfgs
0.94,0.085,0.96,1.2416,tanh,0.1,"(5, 100)",constant,adam
0.94,0.059,0.997,0.7637,tanh,0.1,"(10, 50)",adaptive,lbfgs
0.939,0.195,0.939,0.1371,identity,10,"(5, 100)",invscaling,lbfgs
0.939,0.078,0.995,0.9761,tanh,0.1,"(10, 100)",adaptive,lbfgs
0.939,0.054,0.94,0.9036,tanh,1,"(10, 50)",constant,sgd
0.937,0.112,0.949,0.2807,relu,0.1,"(5, 50)",invscaling,lbfgs
0.936,0.055,0.962,1.0937,tanh,0.1,"(5, 50)",constant,adam
0.936,0.045,0.996,0.7568,tanh,0.1,"(10, 50)",invscaling,lbfgs
0.934,0.221,0.928,0.2122,identity,0.1,"(5, 100)",invscaling,lbfgs
0.934,0.202,0.938,0.1942,identity,1,"(10, 50)",constant,lbfgs
0.934,0.193,0.932,0.9912,relu,10,"(5, 100)",constant,sgd
0.933,0.106,0.984,0.821,relu,0.1,"(10, 100)",adaptive,lbfgs
0.933,0.09,0.975,0.7476,logistic,0.1,"(5, 100)",invscaling,lbfgs
0.931,0.106,0.958,0.9326,tanh,0.1,"(5, 50)",invscaling,adam
0.931,0.094,0.957,1.3065,tanh,0.1,"(5, 100)",invscaling,adam
0.93,0.256,0.935,0.1198,identity,10,"(10, 100)",constant,lbfgs
0.928,0.067,0.939,0.9181,tanh,1,"(10, 50)",adaptive,sgd
0.927,0.084,0.938,1.2504,tanh,0.1,"(10, 100)",adaptive,sgd
0.927,0.075,0.944,1.266,tanh,1,"(10, 100)",adaptive,sgd
0.925,0.119,0.932,0.8944,logistic,1,"(5, 50)",adaptive,adam
0.925,0.076,0.936,1.2271,tanh,0.1,"(10, 50)",adaptive,sgd
0.924,0.063,0.922,1.1611,tanh,0.1,"(5, 100)",adaptive,sgd
0.922,0.222,0.906,0.1206,identity,0.1,"(10, 50)",adaptive,lbfgs
0.922,0.08,0.925,0.841,tanh,0.1,"(5, 50)",adaptive,sgd
0.921,0.088,0.926,0.9737,tanh,0.1,"(10, 50)",constant,sgd
0.919,0.099,0.918,1.1675,tanh,0.1,"(5, 100)",constant,sgd
0.919,0.075,0.944,1.2914,tanh,0.1,"(10, 100)",constant,sgd
0.917,0.087,0.922,1.2108,tanh,1,"(5, 100)",adaptive,sgd
0.915,0.1,0.922,1.0903,tanh,0.1,"(5, 50)",constant,sgd
0.915,0.086,0.925,1.119,tanh,1,"(5, 100)",constant,sgd
0.911,0.343,0.924,0.1328,identity,10,"(5, 100)",adaptive,lbfgs
0.911,0.195,0.908,0.8241,tanh,10,"(5, 50)",constant,sgd
0.903,0.243,0.911,0.2032,identity,1,"(10, 50)",invscaling,lbfgs
0.902,0.254,0.908,0.101,identity,10,"(10, 100)",invscaling,lbfgs
0.9,0.253,0.899,1.0378,relu,10,"(5, 100)",adaptive,adam
0.893,0.205,0.894,0.8642,tanh,10,"(5, 50)",adaptive,sgd
0.886,0.179,0.898,0.8241,tanh,1,"(5, 50)",adaptive,sgd
0.884,0.115,0.915,0.8506,tanh,1,"(5, 50)",constant,sgd
0.876,0.238,0.885,1.1189,tanh,10,"(5, 100)",adaptive,sgd
0.874,0.402,0.874,0.2325,identity,0.1,"(10, 100)",constant,lbfgs
0.835,0.551,0.828,0.0807,identity,10,"(10, 50)",adaptive,lbfgs
0.659,0.442,0.629,0.1926,identity,0.1,"(5, 50)",invscaling,sgd
0.65,0.007,0.65,0.1231,logistic,0.1,"(5, 50)",constant,sgd
0.65,0.007,0.65,0.3547,logistic,0.1,"(5, 50)",adaptive,sgd
0.65,0.007,0.65,0.2026,logistic,0.1,"(5, 100)",constant,sgd
0.65,0.007,0.65,0.4569,logistic,0.1,"(5, 100)",adaptive,sgd
0.65,0.007,0.65,0.2985,logistic,0.1,"(10, 50)",constant,sgd
0.65,0.007,0.65,0.103,logistic,0.1,"(10, 50)",invscaling,sgd
0.65,0.007,0.65,0.5125,logistic,0.1,"(10, 50)",adaptive,sgd
0.65,0.007,0.65,0.5989,logistic,0.1,"(10, 100)",constant,sgd
0.65,0.007,0.65,0.8774,logistic,0.1,"(10, 100)",adaptive,sgd
0.65,0.007,0.65,0.1789,logistic,1,"(5, 50)",constant,sgd
0.65,0.007,0.65,0.4785,logistic,1,"(5, 50)",adaptive,sgd
0.65,0.007,0.65,0.3648,logistic,1,"(5, 100)",constant,sgd
0.65,0.007,0.65,0.7327,logistic,1,"(5, 100)",adaptive,sgd
0.65,0.007,0.65,0.6666,logistic,1,"(10, 50)",constant,sgd
0.65,0.007,0.65,0.8462,logistic,1,"(10, 50)",adaptive,sgd
0.65,0.007,0.65,1.1041,logistic,1,"(10, 100)",constant,sgd
0.65,0.007,0.65,0.2826,logistic,1,"(10, 100)",invscaling,sgd
0.65,0.007,0.65,1.1147,logistic,1,"(10, 100)",adaptive,sgd
0.65,0.007,0.65,0.7872,logistic,10,"(5, 50)",constant,sgd
0.65,0.007,0.65,0.7897,logistic,10,"(5, 50)",constant,adam
0.65,0.007,0.65,0.8102,logistic,10,"(5, 50)",invscaling,adam
0.65,0.007,0.65,0.8231,logistic,10,"(5, 50)",adaptive,sgd
0.65,0.007,0.65,0.7574,logistic,10,"(5, 50)",adaptive,adam
0.65,0.007,0.65,1.1162,logistic,10,"(5, 100)",constant,sgd
0.65,0.007,0.65,0.977,logistic,10,"(5, 100)",constant,adam
0.65,0.007,0.65,1.4875,logistic,10,"(5, 100)",invscaling,adam
0.65,0.007,0.65,1.1514,logistic,10,"(5, 100)",adaptive,sgd
0.65,0.007,0.65,1.1259,logistic,10,"(5, 100)",adaptive,adam
0.65,0.007,0.65,0.8822,logistic,10,"(10, 50)",constant,sgd
0.65,0.007,0.65,0.8063,logistic,10,"(10, 50)",constant,adam
0.65,0.007,0.65,0.8318,logistic,10,"(10, 50)",invscaling,adam
0.65,0.007,0.65,0.8304,logistic,10,"(10, 50)",adaptive,sgd
0.65,0.007,0.65,0.8157,logistic,10,"(10, 50)",adaptive,adam
0.65,0.007,0.65,1.1645,logistic,10,"(10, 100)",constant,sgd
0.65,0.007,0.65,1.2054,logistic,10,"(10, 100)",constant,adam
0.65,0.007,0.65,1.3807,logistic,10,"(10, 100)",invscaling,adam
0.65,0.007,0.65,1.4387,logistic,10,"(10, 100)",adaptive,sgd
0.65,0.007,0.65,1.3007,logistic,10,"(10, 100)",adaptive,adam
0.646,0.326,0.629,0.4512,tanh,10,"(5, 100)",invscaling,sgd
0.646,0.022,0.629,0.2628,tanh,1,"(10, 50)",invscaling,sgd
0.633,0.415,0.638,0.4741,relu,0.1,"(5, 50)",invscaling,sgd
0.621,0.178,0.62,0.2366,logistic,10,"(10, 50)",invscaling,sgd
0.619,0.182,0.62,0.3487,logistic,0.1,"(10, 100)",invscaling,sgd
0.619,0.182,0.62,0.4279,logistic,10,"(5, 100)",invscaling,sgd
0.603,0.301,0.545,0.4561,tanh,0.1,"(10, 50)",invscaling,sgd
0.596,0.3,0.614,0.1824,tanh,1,"(5, 50)",invscaling,sgd
0.59,0.505,0.575,0.3713,identity,10,"(10, 100)",invscaling,sgd
0.59,0.356,0.611,0.3988,relu,1,"(5, 50)",invscaling,sgd
0.589,0.242,0.59,0.6498,logistic,10,"(10, 100)",invscaling,sgd
0.586,0.342,0.575,1.0286,tanh,10,"(10, 100)",invscaling,sgd
0.586,0.264,0.604,0.3935,tanh,0.1,"(10, 100)",invscaling,sgd
0.584,0.24,0.586,0.407,logistic,0.1,"(5, 100)",invscaling,sgd
0.577,0.265,0.593,0.3426,tanh,1,"(5, 100)",invscaling,sgd
0.561,0.496,0.571,0.661,relu,10,"(10, 50)",invscaling,sgd
0.561,0.406,0.566,0.4894,identity,0.1,"(10, 100)",invscaling,sgd
0.559,0.276,0.56,0.4703,logistic,1,"(5, 100)",invscaling,sgd
0.556,0.353,0.543,0.2885,identity,10,"(10, 50)",invscaling,sgd
0.555,0.507,0.54,0.6006,relu,10,"(5, 50)",invscaling,sgd
0.551,0.268,0.542,0.794,tanh,10,"(10, 50)",invscaling,sgd
0.549,0.446,0.53,0.1253,identity,0.1,"(10, 50)",invscaling,sgd
0.537,0.336,0.54,0.6484,tanh,1,"(10, 100)",invscaling,sgd
0.534,0.431,0.532,0.7393,relu,1,"(10, 50)",invscaling,sgd
0.53,0.387,0.505,0.4902,identity,10,"(5, 100)",invscaling,sgd
0.53,0.294,0.53,0.2671,logistic,10,"(5, 50)",invscaling,sgd
0.523,0.523,0.526,0.2421,identity,0.1,"(5, 100)",invscaling,sgd
0.523,0.286,0.54,0.3979,tanh,0.1,"(5, 100)",invscaling,sgd
0.521,0.258,0.52,0.3844,tanh,0.1,"(5, 50)",invscaling,sgd
0.511,0.366,0.504,0.4873,identity,1,"(10, 100)",invscaling,sgd
0.508,0.297,0.527,0.423,relu,0.1,"(10, 50)",invscaling,sgd
0.499,0.415,0.507,0.4119,identity,1,"(5, 100)",invscaling,sgd
0.499,0.316,0.509,0.2672,logistic,1,"(5, 50)",invscaling,sgd
0.499,0.3,0.499,0.2881,logistic,1,"(10, 50)",invscaling,sgd
0.473,0.362,0.472,0.5121,relu,10,"(10, 100)",invscaling,sgd
0.471,0.295,0.47,0.3864,logistic,0.1,"(5, 50)",invscaling,sgd
0.467,0.268,0.481,0.4073,identity,10,"(5, 50)",invscaling,sgd
0.463,0.375,0.443,0.6138,relu,10,"(5, 100)",invscaling,sgd
0.463,0.322,0.458,0.4031,identity,1,"(10, 50)",invscaling,sgd
0.448,0.336,0.44,0.5933,tanh,10,"(5, 50)",invscaling,sgd
0.444,0.283,0.422,0.5499,relu,1,"(10, 100)",invscaling,sgd
0.419,0.19,0.415,0.276,identity,1,"(5, 50)",invscaling,sgd
0.416,0.328,0.432,0.5841,relu,0.1,"(10, 100)",invscaling,sgd
0.408,0.361,0.406,0.3304,relu,0.1,"(5, 100)",invscaling,sgd
0.366,0.283,0.358,0.443,relu,1,"(5, 100)",invscaling,sgd
,,,,,,,,
,,,,,,,,
,,,0.8368,,,,,
